MATCH;HOME;AWAY;HOME_SCORE;AWAY_SCORE;DIFF
1;Fluminense br;sa Al-Hilal;2.961538461538461;0.9615384615384603;2.00
2;Paris S-G fr;de Bayern Munich;1.6666666666666776;0.6666666666666796;1.00
3;Real Madrid es;de Dortmund;0.9615384615384674;2.9615384615384697;-2.00
4;Palmeiras br;eng Chelsea;1.6666666666666667;1.666666666666658;0.00
